{"cameraMode":{"drawMode":0,"name":"Shaded","section":"Shading Mode"},"sceneLighting":false,"audioPlay":false,"sceneViewState":{"showFog":true,"showMaterialUpdate":true,"showSkybox":false,"showFlares":true,"showImageEffects":true,"showParticleSystems":true},"in2DMode":false,"pivot":{"x":95.10000610351563,"y":0.057830810546875,"z":-1.79998779296875},"rotation":{"x":0.17976579070091248,"y":0.6964733600616455,"z":-0.1871424913406372,"w":0.6690200567245483},"size":493.2723083496094,"orthographic":true}