{"cameraMode":{"drawMode":0,"name":"Shaded","section":"Shading Mode"},"sceneLighting":false,"audioPlay":false,"sceneViewState":{"showFog":true,"showMaterialUpdate":true,"showSkybox":true,"showFlares":true,"showImageEffects":true,"showParticleSystems":true},"in2DMode":false,"pivot":{"x":-1.5925488471984864,"y":-6.349850654602051,"z":17.443021774291993},"rotation":{"x":0.21557076275348664,"y":-0.04392498359084129,"z":0.009707238525152207,"w":0.9754515886306763},"size":10.552157402038575,"orthographic":false}