{"cameraMode":{"drawMode":0,"name":"Shaded","section":"Shading Mode"},"sceneLighting":false,"audioPlay":false,"sceneViewState":{"showFog":true,"showMaterialUpdate":true,"showSkybox":false,"showFlares":true,"showImageEffects":true,"showParticleSystems":true},"in2DMode":false,"pivot":{"x":5.732504844665527,"y":1.0358588695526124,"z":1.1590299606323243},"rotation":{"x":0.11094863712787628,"y":0.29352059960365298,"z":-0.034320469945669177,"w":0.9488723874092102},"size":3.782743215560913,"orthographic":false}