{"cameraMode":{"drawMode":0,"name":"Shaded","section":"Shading Mode"},"sceneLighting":false,"audioPlay":false,"sceneViewState":{"showFog":true,"showMaterialUpdate":true,"showSkybox":false,"showFlares":true,"showImageEffects":true,"showParticleSystems":true},"in2DMode":false,"pivot":{"x":1.1598732471466065,"y":0.8700000047683716,"z":1.794517159461975},"rotation":{"x":0.2574198842048645,"y":0.4314277470111847,"z":-0.12991909682750703,"w":0.8548251986503601},"size":0.6581792831420898,"orthographic":false}