{"cameraMode":{"drawMode":0,"name":"Shaded","section":"Shading Mode"},"sceneLighting":true,"audioPlay":false,"sceneViewState":{"showFog":true,"showMaterialUpdate":true,"showSkybox":false,"showFlares":true,"showImageEffects":true,"showParticleSystems":true},"in2DMode":false,"pivot":{"x":944.5332641601563,"y":540.6188354492188,"z":10.0},"rotation":{"x":0.29422134160995486,"y":0.18344859778881074,"z":-0.057654354721307757,"w":0.9361957907676697},"size":1252.11767578125,"orthographic":true}