{"cameraMode":{"drawMode":0,"name":"Shaded","section":"Shading Mode"},"sceneLighting":false,"audioPlay":false,"sceneViewState":{"showFog":true,"showMaterialUpdate":true,"showSkybox":false,"showFlares":true,"showImageEffects":true,"showParticleSystems":true},"in2DMode":false,"pivot":{"x":-0.04485440254211426,"y":2.0581769943237306,"z":0.10220342874526978},"rotation":{"x":0.29422134160995486,"y":0.18344859778881074,"z":-0.057654354721307757,"w":0.9361957907676697},"size":3.4585182666778566,"orthographic":true}