{"cameraMode":{"drawMode":0,"name":"Shaded","section":"Shading Mode"},"sceneLighting":false,"audioPlay":false,"sceneViewState":{"showFog":true,"showMaterialUpdate":true,"showSkybox":false,"showFlares":true,"showImageEffects":true,"showParticleSystems":true},"in2DMode":false,"pivot":{"x":996.8063354492188,"y":540.618896484375,"z":0.0},"rotation":{"x":-0.26637840270996096,"y":0.04970177263021469,"z":-0.013755294494330883,"w":-0.9624959230422974},"size":1197.3311767578125,"orthographic":true}