{"cameraMode":{"drawMode":0,"name":"Shaded","section":"Shading Mode"},"sceneLighting":false,"audioPlay":false,"sceneViewState":{"showFog":true,"showMaterialUpdate":true,"showSkybox":false,"showFlares":true,"showImageEffects":true,"showParticleSystems":true},"in2DMode":false,"pivot":{"x":1.217645525932312,"y":-1.3083374500274659,"z":1.5940890312194825},"rotation":{"x":0.29422134160995486,"y":0.18344859778881074,"z":-0.057654354721307757,"w":0.9361957907676697},"size":10.0,"orthographic":true}