{"cameraMode":{"drawMode":0,"name":"Shaded","section":"Shading Mode"},"sceneLighting":false,"audioPlay":false,"sceneViewState":{"showFog":true,"showMaterialUpdate":true,"showSkybox":false,"showFlares":true,"showImageEffects":true,"showParticleSystems":true},"in2DMode":false,"pivot":{"x":-0.5916292667388916,"y":1.8624367713928223,"z":6.248183727264404},"rotation":{"x":0.11094863712787628,"y":0.29352059960365298,"z":-0.034320469945669177,"w":0.9488723874092102},"size":3.88010311126709,"orthographic":false}