{"cameraMode":{"drawMode":0,"name":"Shaded","section":"Shading Mode"},"sceneLighting":false,"audioPlay":false,"sceneViewState":{"showFog":true,"showMaterialUpdate":true,"showSkybox":false,"showFlares":true,"showImageEffects":true,"showParticleSystems":true},"in2DMode":false,"pivot":{"x":78.4000015258789,"y":3.3899998664855959,"z":54.70000076293945},"rotation":{"x":0.13613785803318025,"y":0.5724536180496216,"z":-0.0970873236656189,"w":0.8027061223983765},"size":10.74645709991455,"orthographic":true}